Product ID,Image ID,Url
D001,D001-IMG1,https://product.hstatic.net/200000860423/product/sg-11134201-7qvek-lfk0njntjski0d_16f3ccb278b34a09aa56e279592f40de_large.jpg
D001,D001-IMG2,https://product.hstatic.net/200000860423/product/sg-11134201-7qvfq-lfk0njvl8fduf1_c578907d0a6c45b5a9926004bb3bffd8_large.jpg
D001,D001-IMG3,https://product.hstatic.net/200000860423/product/sg-11134201-7qvdz-lfk0njzh2qz1db_d6375f0777e646679393bf407c758cf1_large.jpg
D001,D001-IMG4,https://product.hstatic.net/200000860423/product/sg-11134201-7qvf1-lfk0nkdmi1e61e_f05ae76c8c3543979c167013a305cfa5_large.jpg
D002,D002-IMG1,https://product.hstatic.net/200000860423/product/foundations-marble-decorative-bowls-xl__1__d7fe24e97ef048929269ce07e1b57818_master.jpg
D002,D002-IMG2,https://product.hstatic.net/200000860423/product/faux-lunaria-branch-xl_6f3ff9c9bb2644848fd052f519a3a005_master.jpg
D002,D002-IMG3,https://product.hstatic.net/200000860423/product/eclipse-coffee-table-xl_afdf3484c201424fb0ea23babdde1321_master.jpg
D002,D002-IMG4,https://product.hstatic.net/200000860423/product/img13xl_213c3e6b2e1244228a8b2b4d13453ba8_master.jpg
D002,D002-IMG5,https://product.hstatic.net/200000860423/product/foundations-white-marble-bowls-xl__1__78734dfaf1b04bcaaaa4e9c5d40dca65_master.jpg
D002,D002-IMG6,https://product.hstatic.net/200000860423/product/foundations-white-marble-bowls-xl_ca00a86870b44fe0b5ac047d422c005f_master.jpg
D002,D002-IMG7,https://product.hstatic.net/200000860423/product/foundations-marble-decorative-bowls-xl_8ed34c0749c8489d9b4827459e2b0d6a_master.jpg
D003,D003-IMG1,https://product.hstatic.net/200000860423/product/upload_da190fbffb3b42ae9fca12f2038c011e_master.jpg
D003,D003-IMG2,https://product.hstatic.net/200000860423/product/upload_d90fe91190a348cab84dc17bc4072d23_master.jpg
D003,D003-IMG3,https://product.hstatic.net/200000860423/product/upload_de77c348762c444dbdd5df2fbbbad7df_master.jpg
D004,D004-IMG1,https://product.hstatic.net/200000860423/product/upload_b5032b6d0bee4f2989701a39d1967c02_master.jpg
D004,D004-IMG2,https://product.hstatic.net/200000860423/product/upload_094d6f779819492a9257b87f4d8784de_master.jpg
D004,D004-IMG3,https://product.hstatic.net/200000860423/product/upload_44a6425279db484eb71d0f4bfd24252e_master.jpg
D004,D004-IMG4,https://product.hstatic.net/200000860423/product/upload_54bd6604a3e64e338616f53e895e31c0_master.jpg
D005,D005-IMG1,https://product.hstatic.net/200000860423/product/upload_dbe89421aeec43de873ab3af0fcd2da0_master.jpg
D005,D005-IMG2,https://product.hstatic.net/200000860423/product/upload_ff1b13ee046f4c3183ffb10e510bd961_master.jpg
D005,D005-IMG3,https://product.hstatic.net/200000860423/product/upload_dba6d0c1cc7144809fc529459e67f2cd_master.jpg
D006,D006-IMG1,https://product.hstatic.net/200000860423/product/upload_f21909c4f4e04345ad4e09cab82c7926_master.jpg
D006,D006-IMG2,https://product.hstatic.net/200000860423/product/upload_0cf3b47d00d141ebbec5bbd6811eb50b_master.jpg
D006,D006-IMG3,https://product.hstatic.net/200000860423/product/upload_0c254360e99340a5a7feae062ac07616_master.jpg
D007,D007-IMG1,https://product.hstatic.net/200000860423/product/img_6696_4_11zon_0c67bdc446824ffb9d2fc2070af2039a_master.png
D007,D007-IMG2,https://product.hstatic.net/200000860423/product/1_798530f2-5472-4920-bd09-cd4dc0de13ff_1_11zon_89cde880cce946b983709daf26d86bbf_master.png
D007,D007-IMG3,https://product.hstatic.net/200000860423/product/2_abb10d90-621f-4b14-a68a-4174338eb411_2_11zon_09cacef48c7942e9ab7b88c875be0117_master.png
D007,D007-IMG4,https://product.hstatic.net/200000860423/product/img_6695_3_11zon_28068516298e4bc7a585ca4f7868fec1_master.png
D007,D007-IMG5,https://product.hstatic.net/200000860423/product/mushroomvase_6_5_11zon_1c53dbf6705f4a1fb2bc6752294b350e_master.png
D007,D007-IMG6,https://product.hstatic.net/200000860423/product/screenshot2021-11-28at4.06.14pm_6_11zon_a40a109e2b4341229ebf158cfc30667d_master.png
D008,D008-IMG1,https://product.hstatic.net/200000860423/product/-mirror-in-cream-min_720x_4d0c0a9b-b93e-4335-8e9f-b2af07115eff_5_11zon_1df9eaf254774ab49e61e3c48f310652_master.png
D008,D008-IMG2,https://product.hstatic.net/200000860423/product/s67d604688b254b54bd2c67b6f62e1afdx_1_11zon_64397311fd4d474d94645d13960ddf1e_master.png
D008,D008-IMG3,https://product.hstatic.net/200000860423/product/s476f009e368a4b22b714ba11a92f7d91w_3_11zon_e45649a1c0c844999acdc283f2428ab3_master.png
D008,D008-IMG4,https://product.hstatic.net/200000860423/product/s98820dd3c166465bbbd62fbbe6e07ee6u_4_11zon_e9bf51932b69451185bec918d8f04171_master.png
D008,D008-IMG5,https://product.hstatic.net/200000860423/product/s87e2faea9305489c98784d05a3e022c9d_2_11zon_c705c75642bc478c917d6eed828a1aea_master.png
D008,D008-IMG6,https://product.hstatic.net/200000860423/product/e-mirror-in-wood-min_720x_27c07c59-7104-4989-9998-6ff16f9b0900_6_11zon_99d4ca7c0a014231be8b38b81e0cb3e0_master.png
D008,D008-IMG7,https://product.hstatic.net/200000860423/product/n-cream-and-wood-min_720x_9d8335b6-c18d-47f9-a7fc-922d58871556_8_11zon_bbc0af4626ce42dd8af416ee57e81d2b_master.png
D008,D008-IMG8,https://product.hstatic.net/200000860423/product/nted-and-on-desk-min_720x_d8b58913-7f9a-4823-a750-7591ed10ec27_7_11zon_688733a9a6b444e0aa03b61669fa6ac2_master.png
D009,D008-IMG1,https://product.hstatic.net/200000860423/product/sg-11134201-7qvcw-lfk0st3mbutdd4_9940fd75b5994399ab99e99cd86a5433_master.jpg
D009,D008-IMG2,https://product.hstatic.net/200000860423/product/sg-11134201-7qvcv-lfk0stb40voi41_8b0a6b0f9fe847318ef04b1641bfa502_master.jpg
D009,D008-IMG3,https://product.hstatic.net/200000860423/product/sg-11134201-7qvdc-lfk0st7i66d7d4_656fbb3a435d49a9a66d4996d018cab4_master.jpg
D009,D008-IMG4,https://product.hstatic.net/200000860423/product/sg-11134201-7qvdk-lfk0sszqhj7wec_ee31fa2a8d084434a8c2071eb983d856_master.jpg
D009,D008-IMG5,https://product.hstatic.net/200000860423/product/sg-11134201-7qvf3-lfk0stlxl29n44_5f07124bc8eb4728b47df59b1583fcf1_master.jpg
D009,D008-IMG6,https://product.hstatic.net/200000860423/product/sg-11134201-7rccm-lss9w5ac82o686_68cc9c3b865d4f3286d4d3c120a82899_master.jpg
D010,D010-IMG1,https://product.hstatic.net/200000860423/product/cn-11134207-7qukw-ljxlhwfiuo4d1d_6f9342be68ce45ce88e5302bb596c996_master.jpg
D010,D010-IMG2,https://product.hstatic.net/200000860423/product/cn-11134207-7qukw-ljxlhwfiw2k4ca_594a20d7104b42df8cace7f352017fb7_master.jpg
D010,D010-IMG3,https://product.hstatic.net/200000860423/product/cn-11134207-7qukw-ljxlhwfiw2ot43_af515eb69e364d308acc3a1df815c696_master.jpg
D010,D010-IMG4,https://product.hstatic.net/200000860423/product/cn-11134207-7qukw-ljxlhwfiyvtp9d_6ad7996502ca479ea8d4378c9b538a9f_master.jpg
T001,T001-IMG1,https://product.hstatic.net/200000860423/product/upload_8bd3c9fcd30840de997dbe14c25992af_master.jpg
T002,T002-IMG1,https://product.hstatic.net/200000860423/product/upload_6f0c8eab0fb24e6eae1e8169d58b63d7_master.jpg
T002,T002-IMG2,https://product.hstatic.net/200000860423/product/upload_e49b2f06bcd643d0a2b1d27b88b3c984_master.jpg
T002,T002-IMG3,https://product.hstatic.net/200000860423/product/upload_2db55476c01340fd84699105c3a91f52_master.jpg
T002,T002-IMG4,https://product.hstatic.net/200000860423/product/upload_f9c358e66416444083de687cab0f9bea_master.jpg
T002,T002-IMG5,https://product.hstatic.net/200000860423/product/upload_a1a30feab26c461fb70346399ac6ac49_master.jpg
T002,T002-IMG6,https://product.hstatic.net/200000860423/product/upload_37de271c74a04116982d8ff4c193971b_master.jpg
T003,T003-IMG1,https://product.hstatic.net/200000860423/product/upload_c2fb9996bf4344119627483cf8302763_master.jpg
T003,T003-IMG2,https://product.hstatic.net/200000860423/product/upload_76f6409187d548818072d763ae6e6915_master.jpg
T004,T004-IMG1,https://product.hstatic.net/200000860423/product/lorena-canals-mini-dream-washable-rug-xl__1__fddbf33e8b884b8a83055ec3fffe079d_master.jpg
T004,T004-IMG2,https://product.hstatic.net/200000860423/product/lorena-canals-mini-dream-washable-rug-xl__2__91027ec8020e48d89673a68e472ecd09_master.jpg
T004,T004-IMG3,https://product.hstatic.net/200000860423/product/lorena-canals-mini-dream-washable-rug-xl__3__55c4a28d7b6248b587a480057922e1f8_master.jpg
T004,T004-IMG4,https://product.hstatic.net/200000860423/product/lorena-canals-mini-dream-washable-rug-xl_0462a590987e44068ac220ff8cfa2c17_master.jpg
T005,T005-IMG1,https://product.hstatic.net/200000860423/product/upload_d988a1bde945476ba7d2a7b53cd225d0_master.jpg
T005,T005-IMG2,https://product.hstatic.net/200000860423/product/upload_f2673955e32142b89bdbdcd0056bb08e_master.jpg
T005,T005-IMG3,https://product.hstatic.net/200000860423/product/upload_343020fe89b74edabf3bd26dba3bab96_master.jpg
F001,F001-IMG1,https://product.hstatic.net/200000860423/product/upload_6819533fcbaf45d999a01695be3f719f_master.jpg
F001,F001-IMG2,https://product.hstatic.net/200000860423/product/upload_4b2af3f32c3946969293e812d86af697_master.jpg
F001,F001-IMG3,https://product.hstatic.net/200000860423/product/upload_7ebc39593f9d433e82a05ad23733a880_master.jpg
F001,F001-IMG4,https://product.hstatic.net/200000860423/product/upload_c8703d12f88d47609fd19a92dc7e8cce_master.jpg
F002,F002-IMG1,https://product.hstatic.net/200000860423/product/alura-homescent-collection-white-aloe-xl__2__eb0292a5ef2940a4b278576b977235a9_master.jpg
F002,F002-IMG2,https://product.hstatic.net/200000860423/product/alura-homescent-collection-warm-musk-xl_8db15284609f433b9e12a151b053f8b4_master.jpg
F002,F002-IMG3,https://product.hstatic.net/200000860423/product/alura-homescent-collection-white-aloe-xl__1__d6cb9cc6a17d43a8a4f91db9e2719d3a_master.jpg
F002,F002-IMG4,https://product.hstatic.net/200000860423/product/alura-homescent-collection-white-aloe-xl_990750e920d4488dacfbd6e1903eff4a_master.jpg
F002,F002-IMG5,https://product.hstatic.net/200000860423/product/alura-homescent-collection-white-aloe-xl__3__68df582b9357462baaf19570371905d6_master.jpg
F003,F003-IMG1,https://product.hstatic.net/200000860423/product/upload_22f911cb639a4b8bac438eab725342d8_master.jpg
F003,F003-IMG2,https://product.hstatic.net/200000860423/product/upload_9fbf9d8988f54af3915d2ab6291c4a8f_master.jpg
F003,F003-IMG3,https://product.hstatic.net/200000860423/product/upload_d66b2159874e49529221caea374fd88a_master.jpg
F003,F003-IMG4,https://product.hstatic.net/200000860423/product/upload_3f7f4ff7c6c64a7abf36f36fc23fa2b8_master.jpg
F004,F004-IMG1,https://product.hstatic.net/200000860423/product/double-twist-taper-candles-set-of-6-xl_cef5273cb19a46ba8aa076ba72ecff0d_master.jpg
F004,F004-IMG2,https://product.hstatic.net/200000860423/product/double-twist-taper-candles-set-of-6-5-xl_99106144c1014b978b53161c637c7b6e_master.jpg
F004,F004-IMG3,https://product.hstatic.net/200000860423/product/double-twist-taper-candles-set-of-6-xl__1__aa72d20d080f439191d9309f6e293386_master.jpg
F004,F004-IMG4,https://product.hstatic.net/200000860423/product/double-twist-taper-candles-set-of-6-xl__2__f0fe72e3eae34714bd112d085db3acf9_master.jpg
F004,F004-IMG5,https://product.hstatic.net/200000860423/product/double-twist-taper-candles-set-of-6-xl__3__d4632d946bb44fcb9dbd8a29bde62db6_master.jpg
F004,F004-IMG6,https://product.hstatic.net/200000860423/product/double-twist-taper-candles-set-of-6-9-xl_5a25007f48f64d70992c4def2bb1c7fd_master.jpg
F005,F005-IMG1,https://product.hstatic.net/200000860423/product/upload_537df7151afe410297bae52d36f40d77_master.jpg
F005,F005-IMG2,https://product.hstatic.net/200000860423/product/upload_176b5912965e4b1ebde3a5792c8fb4de_master.jpg
F005,F005-IMG3,https://product.hstatic.net/200000860423/product/upload_949a7008663948e69ceef4e48e70eb9f_master.jpg
F005,F005-IMG4,https://product.hstatic.net/200000860423/product/upload_7a1360dad18c4a7189db4c1da2d828ea_master.jpg
F005,F005-IMG5,https://product.hstatic.net/200000860423/product/upload_0787e01af40c4ecf9ca649f92005fd41_master.jpg
L001,L001-IMG1,https://product.hstatic.net/200000860423/product/upload_a11c72e4c8a2430fbc15ae6897a6b7cd_master.jpg
L001,L001-IMG2,https://product.hstatic.net/200000860423/product/upload_e3a88f8b5af2473e8b05c4a884707b0d_master.jpg
L001,L001-IMG3,https://product.hstatic.net/200000860423/product/upload_5bbc69aa0c074d5e80f40fe387814800_master.jpg
L001,L001-IMG4,https://product.hstatic.net/200000860423/product/upload_e954c1f2837d4188ba029722098dc710_master.jpg
L002,L002-IMG1,https://product.hstatic.net/200000860423/product/upload_4b6f9f53e98348a4858b120d43af0ecb_master.jpg
L002,L002-IMG2,https://product.hstatic.net/200000860423/product/upload_4b6f9f53e98348a4858b120d43af0ecb_master.jpg
L002,L002-IMG3,https://product.hstatic.net/200000860423/product/upload_f0f0e3404b3b45ccbbf415672f9364a8_master.jpg
L002,L002-IMG4,https://product.hstatic.net/200000860423/product/upload_6948b7dc1ee046f192ccd331c4c27a25_master.jpg
L002,L002-IMG5,https://product.hstatic.net/200000860423/product/upload_2e3bd422c62a4d6abf7f2c9c7058be3a_master.jpg
L002,L002-IMG6,https://product.hstatic.net/200000860423/product/upload_0ee1516e4c774331af06f90c55f075cb_master.jpg
L002,L002-IMG7,https://product.hstatic.net/200000860423/product/upload_89242de1362a4d17beb615d2ed4a596c_master.jpg
L003,L003-IMG1,https://product.hstatic.net/200000860423/product/upload_73325ad638274651a37b5a3d75137dd7_master.jpg
L003,L003-IMG2,https://product.hstatic.net/200000860423/product/upload_c8c6433d05164d9abf885f26356b37f3_master.jpg
L003,L003-IMG3,https://product.hstatic.net/200000860423/product/upload_ad5c6f3e1ce148a2a124753ad5188778_master.jpg
L003,L003-IMG4,https://product.hstatic.net/200000860423/product/upload_c516b98467d74716922f5fb8e587c6b7_master.jpg
L003,L003-IMG5,https://product.hstatic.net/200000860423/product/upload_1cc9dc8cee944254b531b8382f50da2e_master.jpg
L003,L003-IMG6,https://product.hstatic.net/200000860423/product/upload_066409581a824e87bc1fafd11b760757_master.jpg
L004,L004-IMG1,https://product.hstatic.net/200000860423/product/vintage_fluted_table_lamp_2_2048x2048_0c712079337f4fe5aa729e790c02c1a6_master.jpg
L004,L004-IMG2,https://product.hstatic.net/200000860423/product/vintage_fluted_table_lamp_8_2048x2048_9c151ef3fe314b9e93406f334b3a4320_master.jpg
L004,L004-IMG3,https://product.hstatic.net/200000860423/product/vintage_fluted_table_lamp_10_2048x2048_92a8ba1b94c644fd91c91e3b54ff0eff_master.jpg
L004,L004-IMG4,https://product.hstatic.net/200000860423/product/vintage_fluted_table_lamp_12_2048x2048_b635487213f64410b497f255aad851d6_master.jpg
L004,L004-IMG5,https://product.hstatic.net/200000860423/product/vintage_fluted_table_lamp_15_2048x2048_e30baddee8c4420eae5c9c3e3ae029ae_master.jpg
L004,L004-IMG6,https://product.hstatic.net/200000860423/product/vintage_fluted_table_lamp_2048x2048_82b7bb25e4ab4ee885aeed8eeccf57b5_master.jpg
L005,L005-IMG1,https://product.hstatic.net/200000860423/product/upload_39a1044284dd41ccb24b368aafbd923f_master.jpg
L005,L005-IMG2,https://product.hstatic.net/200000860423/product/upload_7eec3cfb216e4d8eb26175511c8506ec_master.jpg
L005,L005-IMG3,https://product.hstatic.net/200000860423/product/upload_3b0681a514d04dc98190f67b1eacdc82_master.jpg
L005,L005-IMG4,https://product.hstatic.net/200000860423/product/upload_46db69c99f3d423997eaaf8e87664cd2_master.jpg
L005,L005-IMG5,https://product.hstatic.net/200000860423/product/upload_27df50c0095a46e79a590d021dc2d294_master.jpg
L005,L005-IMG6,https://product.hstatic.net/200000860423/product/upload_771a8e74c0be4b8c97bff251b1476906_master.jpg
L005,L005-IMG7,https://product.hstatic.net/200000860423/product/upload_94da6364eae64a9199622c3215a33303_master.jpg
L006,L006-IMG1,https://product.hstatic.net/200000860423/product/upload_b3b2a79fd9084c4a8696429441ea3446_master.jpg
L006,L006-IMG2,https://product.hstatic.net/200000860423/product/upload_5d09402e30bd41b78d0a5dc5c8b4ea47_master.jpg
L006,L006-IMG3,https://product.hstatic.net/200000860423/product/upload_2094e9b7e2c14d41bfbea788c9133788_master.jpg
L006,L006-IMG4,https://product.hstatic.net/200000860423/product/upload_92012bb9f70943a884b0144b8f9e19c4_master.jpg
L006,L006-IMG5,https://product.hstatic.net/200000860423/product/upload_92012bb9f70943a884b0144b8f9e19c4_master.jpg
L006,L006-IMG6,https://product.hstatic.net/200000860423/product/upload_6a5b71b5bafb46faae5219d432666868_master.jpg
L006,L006-IMG7,https://product.hstatic.net/200000860423/product/upload_917a4f0d396d4706af45f5d5fab78dd6_master.jpg
L007,L007-IMG1,https://product.hstatic.net/200000860423/product/den9_9d8d72b2bcf74ccbb25f612e7ba62f43_master.png
L007,L007-IMG2,https://product.hstatic.net/200000860423/product/den10_0c96a86375784de29c3f329d50d96a4f_master.png
L007,L007-IMG3,https://product.hstatic.net/200000860423/product/den8_30d9af98111845aaa553f02e38a2edc0_master.png
L008,L008-IMG1,https://product.hstatic.net/200000860423/product/273fc16d637be00e24af67bb41f37096_b1d6d02438b4418cb0c860f31188afc9_master.jpg
L008,L008-IMG2,https://product.hstatic.net/200000860423/product/1a5eccdb80ee195b95e67c894fee4ede_0711eb809f914f4fabcb625e721ad553_master.jpg
L008,L008-IMG3,https://product.hstatic.net/200000860423/product/521a13a149c8f8c68beb529f3dac841a_2d431180cb0d4af9b3957c6a19ab47fa_master.jpg
L008,L008-IMG4,https://product.hstatic.net/200000860423/product/f2e94977449b0d6185d4404e11f15ddf_0f2ab5ced405415d9a7cf8687aea6c8b_master.jpg
L009,L009-IMG1,https://product.hstatic.net/200000860423/product/1f2298dd8a7bc942b81fe260712f2bb7_4814814a25b04c1995c5754174de26df_master.jpg
L009,L009-IMG2,https://product.hstatic.net/200000860423/product/1a4a659864398afd5f7d8bd6ea419645_3e40d9de9a9e4692a3f292f65498570b_master.jpg
L009,L009-IMG3,https://product.hstatic.net/200000860423/product/2bbbc70d33b0b6d8fc12a36911403dcd_1e38e6f5ee8a4bf99b5ab65aa662b79c_master.jpg
L009,L009-IMG4,https://product.hstatic.net/200000860423/product/6d193f573d7c1247a6d25060ec946e5c_86be9c097aeb4f299a0a61c8dc1759bb_master.jpg
L009,L009-IMG5,https://product.hstatic.net/200000860423/product/347f987c7aa50eb0de3bb815ffca75a5_986e2aaaec3a4ec5a15d0e5b7ecf1d49_master.jpg
L010,L010-IMG1,https://product.hstatic.net/200000860423/product/bubble-flushmount-xl__1__34e6fa319aa24e2a949b68cff2f4b40c_master.jpg
L010,L010-IMG2,https://product.hstatic.net/200000860423/product/bubble-flushmount-xl__2__2255f3141ce34a769c45973761dc2636_master.jpg
L010,L010-IMG3,https://product.hstatic.net/200000860423/product/bubble-flushmount-xl_38b99bf2f7cf499aac9eb75397010c1e_master.jpg
L010,L010-IMG4,https://product.hstatic.net/200000860423/product/rattan-bubble-flushmount-18-xl_dfc0b7331ed14200ba53d34282343a1c_master.jpg
N001,N001-IMG1,https://product.hstatic.net/200000860423/product/upload_958277084f424beca0536471f2720479_master.jpg
N001,N001-IMG2,https://product.hstatic.net/200000860423/product/upload_80a9fea6d8dc4d19bbbd29110d9a08f0_master.jpg
N001,N001-IMG3,https://product.hstatic.net/200000860423/product/upload_ddedff3fbb954359a0acca0f01ee140b_master.jpg
N001,N001-IMG4,https://product.hstatic.net/200000860423/product/upload_0a4906530f1b4a21bae7899235b9ef8e_master.jpg
N002,N002-IMG1,https://product.hstatic.net/200000860423/product/upload_349e3151a526466eacb3c3fd701814dd_master.jpg
N002,N002-IMG2,https://product.hstatic.net/200000860423/product/upload_74a52a03d7074d5eb7770dc0ab80045d_master.jpg
N002,N002-IMG3,https://product.hstatic.net/200000860423/product/upload_aad3d16303fa4d90971da4c085e99d6e_master.jpg
N002,N002-IMG4,https://product.hstatic.net/200000860423/product/upload_285f4eed1faf4389964743532d3ca554_master.jpg
N003,N003-IMG1,https://product.hstatic.net/200000860423/product/upload_bc9b72e4d4cd486cb5d8e6e0081149ab_master.jpg
N003,N003-IMG2,https://product.hstatic.net/200000860423/product/upload_6ca0dbad391245938d697e6cfe678935_master.jpg
N003,N003-IMG3,https://product.hstatic.net/200000860423/product/upload_5382c8102f054715a2accfaf4bd789cb_master.jpg
N003,N003-IMG4,https://product.hstatic.net/200000860423/product/upload_5bd7b3f7c70b473e9fd4bab936ebc085_master.jpg
N004,N004-IMG1,https://product.hstatic.net/200000860423/product/upload_88e8b4da62aa4b0d96675b5b8b04ebb6_master.jpg
N004,N004-IMG2,https://product.hstatic.net/200000860423/product/upload_a060ca0dc5d94543b7c7543d4e1a49f4_master.jpg
N005,N005-IMG1,https://product.hstatic.net/200000860423/product/upload_3d9eaa03df1348379e38b0f58445b0d7_master.jpg
N005,N005-IMG2,https://product.hstatic.net/200000860423/product/upload_c297ffbbf57a4a16b19d96f8ecdfdfd4_master.jpg
N005,N005-IMG3,https://product.hstatic.net/200000860423/product/upload_38dc9711434145d99d7adf996bff32a4_master.jpg
N005,N005-IMG4,https://product.hstatic.net/200000860423/product/upload_ae517971b47640d6af035ef2698877fa_master.jpg
N006,N006-IMG1,https://product.hstatic.net/200000860423/product/gio_rom_1_6c10dfe1b531443287215d340d25affc_master.png
N006,N006-IMG2,https://product.hstatic.net/200000860423/product/gio_rom_2_16aa07cfdbfa43bdb21fc1be22c45cd5_master.png
N007,N007-IMG1,https://product.hstatic.net/200000860423/product/magazin_table_1_f861ff4e515142dc952a7851fe8d6e84_1024x1024.png
N008,N008-IMG1,https://product.hstatic.net/200000860423/product/hop_pat_teo_5_d47ce0b2bb764ec68af0a64688ecb88c_master.png
N008,N008-IMG2,https://product.hstatic.net/200000860423/product/hop_pat_teo_2_ace271fa29fb4645bf8abd68fd5aa910_master.png
N008,N008-IMG3,https://product.hstatic.net/200000860423/product/hop_pat_teo_3_59d5a04aa6b44371ab101a05d4694353_master.png
N008,N008-IMG4,https://product.hstatic.net/200000860423/product/hop_pat_teo_4_36b5c2c16e354a849908c31b6888fb1e_master.png
N008,N008-IMG5,https://product.hstatic.net/200000860423/product/hop_pat_teo_1_d39a5cead5504127ab95db4d041beff3_master.png
N008,N008-IMG6,https://product.hstatic.net/200000860423/product/hop_pat_teo_10_8d953953c08b4dff83c333c5f69e2510_master.png
N008,N008-IMG7,https://product.hstatic.net/200000860423/product/hop_pat_teo_6_5d81301991034e2e813ef5fc018c03c2_master.png
N008,N008-IMG8,https://product.hstatic.net/200000860423/product/hop_pat_teo_7_d85402e8f67c45fc9f29f12e092c49c2_master.png
N008,N008-IMG9,https://product.hstatic.net/200000860423/product/hop_pat_teo_8_10045c35266a4d88b8fd370b94cde4a2_master.png
N008,N008-IMG10,https://product.hstatic.net/200000860423/product/hop_pat_teo_9_2bd08e4b8d2b45b8a4844803aa7087ae_master.png
N009,N009-IMG1,https://product.hstatic.net/200000860423/product/ri_cot_3_71500a7a8be44c85adaf35950e6fd6d4_master.png
N009,N009-IMG2,https://product.hstatic.net/200000860423/product/ri_cot_4_6df36816a794403ea88321283e980108_master.png
N009,N009-IMG3,https://product.hstatic.net/200000860423/product/ri_cot_2_b7ba8dc6fea44153b02874180e4b50e2_master.png
N009,N009-IMG4,https://product.hstatic.net/200000860423/product/ri_cot_1_155ec1d50d6a4cafbab563dd0e56b149_master.png
N009,N009-IMG5,https://product.hstatic.net/200000860423/product/ri_cot_5_dd13e85bdfcc4fd48660287019ce16be_master.png
N009,N009-IMG6,https://product.hstatic.net/200000860423/product/ri_cot_6_ad017a3bfa974d10ab032aab06c4dd85_master.png
N010,N010-IMG1,https://product.hstatic.net/200000860423/product/gio_gap_1_5eff0cffe0cd442e845ea3389c916cb3_master.png
N010,N010-IMG2,https://product.hstatic.net/200000860423/product/gio_gap_7_4ff4214aa58d48f0af41cacb13096319_master.png
N010,N010-IMG3,https://product.hstatic.net/200000860423/product/gio_gap_6_61e2dcf24bcd4e4d91f7ef5c0902e1a1_master.png
N010,N010-IMG4,https://product.hstatic.net/200000860423/product/gio_gap_2_7c2d33d3dc8e4ceb95c8f4242cbca9a4_master.png
N010,N010-IMG5,https://product.hstatic.net/200000860423/product/gio_gap_3_6eae5bba1ebf410db664c6ee07d292e8_master.png
N010,N010-IMG6,https://product.hstatic.net/200000860423/product/gio_gap_4_2cf14626d9f74010b5e95557a1ff1141_master.png
N010,N010-IMG7,https://product.hstatic.net/200000860423/product/gio_gap_5_2b0d751cecce406e87d1cd073c5d7aee_master.png
W001,W001-IMG1,https://product.hstatic.net/200000860423/product/upload_f6da285598e3485a8ccde8197c006474_master.jpg
W001,W001-IMG2,https://product.hstatic.net/200000860423/product/upload_013b7b1ee3cb466eb0a5796def10c3f1_master.jpg
W002,W002-IMG1,https://product.hstatic.net/200000860423/product/upload_3a7cc58894e84cdba7df3f0d8600b16c_master.jpg
W002,W002-IMG2,https://product.hstatic.net/200000860423/product/upload_d24550fcde9c48ed80eb2d345fb9cdac_master.jpg
W002,W002-IMG3,https://product.hstatic.net/200000860423/product/upload_ddf12231ada34ce786405fd4efe34154_master.jpg
W003,W003-IMG1,https://product.hstatic.net/200000860423/product/upload_57ed8644a7624b0aa510bec008886e40_master.jpg
W003,W003-IMG2,https://product.hstatic.net/200000860423/product/upload_b1e92246a12e4f3aace3d7ebb5c36f8a_master.jpg
W004,W004-IMG1,https://product.hstatic.net/200000860423/product/upload_801539a2a0f5488eba65691882346e0e_master.jpg
W004,W004-IMG2,https://product.hstatic.net/200000860423/product/upload_ed287c4a28504a12a6304889d6ce7dac_master.jpg
W005,W005-IMG1,https://product.hstatic.net/200000860423/product/w07-2_0c3b609f05e8450cb9bda17a60eccd7f_master.png
W005,W005-IMG2,https://product.hstatic.net/200000860423/product/w07-1_56b9210589704342967cdf4caa38e611_master.png